"","region","qyear","quarter","AnalyteName","Result"
"1","dt",1975,"Q1","chla",4.00710526315789
"2","ss",1975,"Q1","chla",1.63583333333333
"3","dt",1976,"Q1","chla",3.74548387096774
"4","ss",1976,"Q1","chla",8.221875
"5","dt",1977,"Q1","chla",4.30166666666667
"6","spl",1977,"Q1","chla",1.93666666666667
"7","ss",1977,"Q1","chla",3.26866666666667
"8","dt",1978,"Q1","chla",2.8190625
"9","spl",1978,"Q1","chla",1.20666666666667
"10","ss",1978,"Q1","chla",2.11875
"11","dt",1979,"Q1","chla",3.97206349206349
"12","spl",1979,"Q1","chla",8.05333333333333
"13","ss",1979,"Q1","chla",4.0825
"14","dt",1980,"Q1","chla",2.51868421052632
"15","spl",1980,"Q1","chla",2.63
"16","ss",1980,"Q1","chla",2.013
"17","dt",1981,"Q1","chla",2.54315789473684
"18","spl",1981,"Q1","chla",1.49
"19","ss",1981,"Q1","chla",4.4
"20","dt",1982,"Q1","chla",2.23208333333333
"21","spl",1982,"Q1","chla",1.93
"22","ss",1982,"Q1","chla",2.63923076923077
"23","dt",1983,"Q1","chla",2.10774193548387
"24","spl",1983,"Q1","chla",1.08
"25","ss",1983,"Q1","chla",2.152
"26","dt",1984,"Q1","chla",2.36288461538462
"27","spl",1984,"Q1","chla",1.23666666666667
"28","ss",1984,"Q1","chla",1.78117647058824
"29","dt",1985,"Q1","chla",2.32833333333333
"30","spl",1985,"Q1","chla",5.97
"31","ss",1985,"Q1","chla",1.78642857142857
"32","dt",1986,"Q1","chla",1.79537037037037
"33","spl",1986,"Q1","chla",1.59333333333333
"34","ss",1986,"Q1","chla",1.33866666666667
"35","dt",1987,"Q1","chla",1.59764705882353
"36","spl",1987,"Q1","chla",2.21333333333333
"37","ss",1987,"Q1","chla",4.406
"38","dt",1988,"Q1","chla",2.60181818181818
"39","spl",1988,"Q1","chla",0.77
"40","ss",1988,"Q1","chla",1.18846153846154
"41","dt",1989,"Q1","chla",5.10581818181818
"42","spl",1989,"Q1","chla",2.57333333333333
"43","ss",1989,"Q1","chla",1.1975
"44","dt",1990,"Q1","chla",3.22071428571429
"45","spl",1990,"Q1","chla",0.62
"46","ss",1990,"Q1","chla",0.950769230769231
"47","dt",1991,"Q1","chla",4.97728813559322
"48","spl",1991,"Q1","chla",5.08
"49","ss",1991,"Q1","chla",1.10461538461538
"50","dt",1992,"Q1","chla",2.87568965517241
"51","spl",1992,"Q1","chla",2.28
"52","ss",1992,"Q1","chla",0.863333333333333
"53","dt",1993,"Q1","chla",2.34660714285714
"54","spl",1993,"Q1","chla",1.37333333333333
"55","ss",1993,"Q1","chla",0.645333333333333
"56","dt",1994,"Q1","chla",1.48913793103448
"57","spl",1994,"Q1","chla",1.00666666666667
"58","ss",1994,"Q1","chla",0.765333333333333
"59","dt",1995,"Q1","chla",1.09462962962963
"60","spl",1995,"Q1","chla",0.77
"61","ss",1995,"Q1","chla",0.547142857142857
"62","dt",1996,"Q1","chla",1.36315789473684
"63","spl",1996,"Q1","chla",0.613333333333333
"64","ss",1996,"Q1","chla",0.913529411764706
"65","dt",1997,"Q1","chla",1.61115384615385
"66","spl",1997,"Q1","chla",0.853333333333333
"67","ss",1997,"Q1","chla",1.24705882352941
"68","dt",1998,"Q1","chla",1.218
"69","spl",1998,"Q1","chla",1.135
"70","ss",1998,"Q1","chla",0.700833333333333
"71","dt",1999,"Q1","chla",2.6116
"72","spl",1999,"Q1","chla",1.5
"73","ss",1999,"Q1","chla",2.08181818181818
"74","dt",2000,"Q1","chla",2.10321428571429
"75","spl",2000,"Q1","chla",1.96
"76","ss",2000,"Q1","chla",1.73368421052632
"77","dt",2001,"Q1","chla",3.57933333333333
"78","spl",2001,"Q1","chla",1.88
"79","ss",2001,"Q1","chla",1.39666666666667
"80","dt",2002,"Q1","chla",2.41551724137931
"81","spl",2002,"Q1","chla",1.835
"82","ss",2002,"Q1","chla",1.135
"83","dt",2003,"Q1","chla",1.909
"84","spl",2003,"Q1","chla",2.4
"85","ss",2003,"Q1","chla",1.1445
"86","dt",2004,"Q1","chla",2.09
"87","spl",2004,"Q1","chla",2.01
"88","ss",2004,"Q1","chla",1.0305
"89","dt",2005,"Q1","chla",1.15914285714286
"90","spl",2005,"Q1","chla",0.693333333333333
"91","ss",2005,"Q1","chla",0.664705882352941
"92","dt",2006,"Q1","chla",2.84242424242424
"93","spl",2006,"Q1","chla",2.03285714285714
"94","ss",2006,"Q1","chla",2.06952380952381
"95","dt",2007,"Q1","chla",5.95393939393939
"96","spl",2007,"Q1","chla",1.51833333333333
"97","ss",2007,"Q1","chla",1.55789473684211
"98","dt",2008,"Q1","chla",2.36484848484848
"99","spl",2008,"Q1","chla",2.135
"100","ss",2008,"Q1","chla",1.57105263157895
"101","dt",2009,"Q1","chla",2.86606060606061
"102","spl",2009,"Q1","chla",2.14
"103","ss",2009,"Q1","chla",1.19473684210526
"104","dt",2010,"Q1","chla",1.89484848484848
"105","spl",2010,"Q1","chla",1.66285714285714
"106","ss",2010,"Q1","chla",1.136
"107","dt",2011,"Q1","chla",1.62181818181818
"108","spl",2011,"Q1","chla",2.01142857142857
"109","ss",2011,"Q1","chla",0.871052631578947
"110","dt",2012,"Q1","chla",2.27
"111","spl",2012,"Q1","chla",1.87333333333333
"112","ss",2012,"Q1","chla",1.64555555555556
"113","dt",2013,"Q1","chla",2.07424242424242
"114","spl",2013,"Q1","chla",1.65
"115","ss",2013,"Q1","chla",1.93833333333333
"116","dt",2014,"Q1","chla",2.24212121212121
"117","spl",2014,"Q1","chla",1.565
"118","ss",2014,"Q1","chla",1.96611111111111
"119","dt",2015,"Q1","chla",1.89393939393939
"120","spl",2015,"Q1","chla",1.38
"121","ss",2015,"Q1","chla",1.90421052631579
"122","dt",2016,"Q1","chla",3.51575757575758
"123","spl",2016,"Q1","chla",1.62333333333333
"124","ss",2016,"Q1","chla",1.635
"125","dt",2017,"Q1","chla",1.99871794871795
"126","spl",2017,"Q1","chla",1.6825
"127","ss",2017,"Q1","chla",2.52772727272727
"128","dt",2018,"Q1","chla",2.03472222222222
"129","spl",2018,"Q1","chla",1.82555555555556
"130","ss",2018,"Q1","chla",1.37375
"131","dt",2019,"Q1","chla",1.58526315789474
"132","spl",2019,"Q1","chla",1.72555555555556
"133","ss",2019,"Q1","chla",1.425
"134","dt",2020,"Q1","chla",1.70868421052632
"135","spl",2020,"Q1","chla",1.45444444444444
"136","ss",2020,"Q1","chla",1.59041666666667
"137","dt",2021,"Q1","chla",1.515
"138","dt",1975,"Q2","chla",10.9316346153846
"139","ss",1975,"Q2","chla",7.94206896551724
"140","dt",1976,"Q2","chla",29.99046875
"141","spl",1976,"Q2","chla",5.618
"142","ss",1976,"Q2","chla",18.0003333333333
"143","dt",1977,"Q2","chla",32.1478294573643
"144","spl",1977,"Q2","chla",3.60166666666667
"145","ss",1977,"Q2","chla",4.00333333333333
"146","dt",1978,"Q2","chla",6.0480412371134
"147","spl",1978,"Q2","chla",12.474
"148","ss",1978,"Q2","chla",5.9348275862069
"149","dt",1979,"Q2","chla",9.2219512195122
"150","spl",1979,"Q2","chla",5.41666666666667
"151","ss",1979,"Q2","chla",9.54138888888889
"152","dt",1980,"Q2","chla",6.78475
"153","spl",1980,"Q2","chla",5.92333333333333
"154","ss",1980,"Q2","chla",10.4476470588235
"155","dt",1981,"Q2","chla",15.5136134453782
"156","spl",1981,"Q2","chla",3.865
"157","ss",1981,"Q2","chla",10.8144444444444
"158","dt",1982,"Q2","chla",3.88564102564103
"159","spl",1982,"Q2","chla",2.83333333333333
"160","ss",1982,"Q2","chla",4.49904761904762
"161","dt",1983,"Q2","chla",5.68258064516129
"162","spl",1983,"Q2","chla",1.80333333333333
"163","ss",1983,"Q2","chla",3.898125
"164","dt",1984,"Q2","chla",7.56214285714286
"165","spl",1984,"Q2","chla",3.24333333333333
"166","ss",1984,"Q2","chla",8.75352941176471
"167","dt",1985,"Q2","chla",14.2225688073394
"168","spl",1985,"Q2","chla",3.672
"169","ss",1985,"Q2","chla",5.132
"170","dt",1986,"Q2","chla",5.46351851851852
"171","spl",1986,"Q2","chla",7.255
"172","ss",1986,"Q2","chla",5.55666666666667
"173","dt",1987,"Q2","chla",8.8861038961039
"174","spl",1987,"Q2","chla",3.0475
"175","ss",1987,"Q2","chla",3.7385
"176","dt",1988,"Q2","chla",8.98588235294118
"177","spl",1988,"Q2","chla",4.18
"178","ss",1988,"Q2","chla",2.02666666666667
"179","dt",1989,"Q2","chla",7.01447058823529
"180","ss",1989,"Q2","chla",1.5905
"181","dt",1990,"Q2","chla",6.99545454545455
"182","spl",1990,"Q2","chla",2.114
"183","ss",1990,"Q2","chla",1.3792
"184","dt",1991,"Q2","chla",8.9018487394958
"185","spl",1991,"Q2","chla",4.34333333333333
"186","ss",1991,"Q2","chla",1.35633333333333
"187","dt",1992,"Q2","chla",11.9652136752137
"188","spl",1992,"Q2","chla",4.47333333333333
"189","ss",1992,"Q2","chla",2.80266666666667
"190","dt",1993,"Q2","chla",13.7989830508475
"191","spl",1993,"Q2","chla",1.90666666666667
"192","ss",1993,"Q2","chla",6.20933333333333
"193","dt",1994,"Q2","chla",6.37983333333333
"194","spl",1994,"Q2","chla",1.49
"195","ss",1994,"Q2","chla",1.012
"196","dt",1995,"Q2","chla",2.33169491525424
"197","spl",1995,"Q2","chla",3.49666666666667
"198","ss",1995,"Q2","chla",2.422
"199","dt",1996,"Q2","chla",3.02448275862069
"200","spl",1996,"Q2","chla",5.16666666666667
"201","ss",1996,"Q2","chla",2.01647058823529
"202","dt",1997,"Q2","chla",6.47033333333333
"203","spl",1997,"Q2","chla",4.455
"204","ss",1997,"Q2","chla",1.5
"205","dt",1998,"Q2","chla",3.6604
"206","spl",1998,"Q2","chla",7.855
"207","ss",1998,"Q2","chla",5.77944444444444
"208","dt",1999,"Q2","chla",5.56068965517241
"209","spl",1999,"Q2","chla",3.42
"210","ss",1999,"Q2","chla",5.36681818181818
"211","dt",2000,"Q2","chla",4.38133333333333
"212","spl",2000,"Q2","chla",13.3183333333333
"213","ss",2000,"Q2","chla",7.07857142857143
"214","dt",2001,"Q2","chla",7.77566666666667
"215","spl",2001,"Q2","chla",5.96
"216","ss",2001,"Q2","chla",1.57210526315789
"217","dt",2002,"Q2","chla",8.37966666666667
"218","spl",2002,"Q2","chla",6.78
"219","ss",2002,"Q2","chla",4.18782608695652
"220","dt",2003,"Q2","chla",9.63233333333333
"221","spl",2003,"Q2","chla",5.8175
"222","ss",2003,"Q2","chla",3.2905
"223","dt",2004,"Q2","chla",7.92
"224","spl",2004,"Q2","chla",8.176
"225","ss",2004,"Q2","chla",2.62217391304348
"226","dt",2005,"Q2","chla",5.63444444444444
"227","spl",2005,"Q2","chla",6.8025
"228","ss",2005,"Q2","chla",2.835
"229","dt",2006,"Q2","chla",4.15545454545455
"230","spl",2006,"Q2","chla",5.06222222222222
"231","ss",2006,"Q2","chla",3.405
"232","dt",2007,"Q2","chla",5.81606060606061
"233","spl",2007,"Q2","chla",6.79857142857143
"234","ss",2007,"Q2","chla",2.28388888888889
"235","dt",2008,"Q2","chla",8.40787878787879
"236","spl",2008,"Q2","chla",3.26444444444444
"237","ss",2008,"Q2","chla",4.44166666666667
"238","dt",2009,"Q2","chla",5.4096875
"239","spl",2009,"Q2","chla",3.88
"240","ss",2009,"Q2","chla",2.84894736842105
"241","dt",2010,"Q2","chla",4.1530303030303
"242","spl",2010,"Q2","chla",2.71428571428571
"243","ss",2010,"Q2","chla",3.91772727272727
"244","dt",2011,"Q2","chla",3.37030303030303
"245","spl",2011,"Q2","chla",5.97555555555556
"246","ss",2011,"Q2","chla",4.685
"247","dt",2012,"Q2","chla",5.46393939393939
"248","spl",2012,"Q2","chla",2.68285714285714
"249","ss",2012,"Q2","chla",3.55130434782609
"250","dt",2013,"Q2","chla",10.3806060606061
"251","spl",2013,"Q2","chla",4.31833333333333
"252","ss",2013,"Q2","chla",4.57611111111111
"253","dt",2014,"Q2","chla",5.25333333333333
"254","spl",2014,"Q2","chla",2.978
"255","ss",2014,"Q2","chla",3.24222222222222
"256","dt",2015,"Q2","chla",5.72818181818182
"257","spl",2015,"Q2","chla",2.87
"258","ss",2015,"Q2","chla",3.06555555555556
"259","dt",2016,"Q2","chla",18.1139393939394
"260","spl",2016,"Q2","chla",2.46833333333333
"261","ss",2016,"Q2","chla",5.3225
"262","dt",2017,"Q2","chla",3.00625
"263","spl",2017,"Q2","chla",3.43888888888889
"264","ss",2017,"Q2","chla",5.44833333333333
"265","dt",2018,"Q2","chla",3.55307692307692
"266","spl",2018,"Q2","chla",3.96333333333333
"267","ss",2018,"Q2","chla",5.20166666666667
"268","dt",2019,"Q2","chla",1.7125641025641
"269","spl",2019,"Q2","chla",2.34555555555556
"270","ss",2019,"Q2","chla",2.4175
"271","dt",2020,"Q2","chla",2.93
"272","spl",2020,"Q2","chla",1.47
"273","ss",2020,"Q2","chla",3.06375
"274","dt",1975,"Q3","chla",18.518347826087
"275","ss",1975,"Q3","chla",15.5272413793103
"276","dt",1976,"Q3","chla",32.0086046511628
"277","spl",1976,"Q3","chla",1.49166666666667
"278","ss",1976,"Q3","chla",9.669
"279","dt",1977,"Q3","chla",29.316062992126
"280","spl",1977,"Q3","chla",1.33833333333333
"281","ss",1977,"Q3","chla",4.585
"282","dt",1978,"Q3","chla",11.284
"283","spl",1978,"Q3","chla",6.195
"284","ss",1978,"Q3","chla",19.7891428571429
"285","dt",1979,"Q3","chla",14.1776404494382
"286","spl",1979,"Q3","chla",3.67
"287","ss",1979,"Q3","chla",28.3965517241379
"288","dt",1980,"Q3","chla",9.89141304347826
"289","spl",1980,"Q3","chla",4.47
"290","ss",1980,"Q3","chla",23.04375
"291","dt",1981,"Q3","chla",8.87489361702128
"292","spl",1981,"Q3","chla",1.2025
"293","ss",1981,"Q3","chla",17.2781481481481
"294","dt",1982,"Q3","chla",15.36032
"295","spl",1982,"Q3","chla",8.95166666666667
"296","ss",1982,"Q3","chla",17.4108333333333
"297","dt",1983,"Q3","chla",5.40836065573771
"298","spl",1983,"Q3","chla",4.94333333333333
"299","ss",1983,"Q3","chla",6.31333333333333
"300","dt",1984,"Q3","chla",12.2035106382979
"301","spl",1984,"Q3","chla",6.968
"302","ss",1984,"Q3","chla",10.541
"303","dt",1985,"Q3","chla",10.88175
"304","spl",1985,"Q3","chla",2.93
"305","ss",1985,"Q3","chla",8.90766666666667
"306","dt",1986,"Q3","chla",16.4796610169492
"307","spl",1986,"Q3","chla",8.105
"308","ss",1986,"Q3","chla",16.8979166666667
"309","dt",1987,"Q3","chla",7.56904347826087
"310","spl",1987,"Q3","chla",2.47
"311","ss",1987,"Q3","chla",3.38066666666667
"312","dt",1988,"Q3","chla",10.1443697478992
"313","spl",1988,"Q3","chla",2.382
"314","ss",1988,"Q3","chla",1.83464285714286
"315","dt",1989,"Q3","chla",8.15375
"316","spl",1989,"Q3","chla",2.24
"317","ss",1989,"Q3","chla",2.22833333333333
"318","dt",1990,"Q3","chla",10.6353913043478
"319","spl",1990,"Q3","chla",3.954
"320","ss",1990,"Q3","chla",1.73533333333333
"321","dt",1991,"Q3","chla",19.2365714285714
"322","spl",1991,"Q3","chla",2.8125
"323","ss",1991,"Q3","chla",1.9024
"324","dt",1992,"Q3","chla",30.4896610169492
"325","spl",1992,"Q3","chla",1.96166666666667
"326","ss",1992,"Q3","chla",1.80566666666667
"327","dt",1993,"Q3","chla",10.52
"328","spl",1993,"Q3","chla",4.22
"329","ss",1993,"Q3","chla",4.658
"330","dt",1994,"Q3","chla",12.8203333333333
"331","spl",1994,"Q3","chla",1.87333333333333
"332","ss",1994,"Q3","chla",1.386
"333","dt",1995,"Q3","chla",3.89
"334","spl",1995,"Q3","chla",5.76
"335","ss",1995,"Q3","chla",2.334
"336","dt",1996,"Q3","chla",5.03333333333333
"337","spl",1996,"Q3","chla",4.75666666666667
"338","ss",1996,"Q3","chla",1.59352941176471
"339","dt",1997,"Q3","chla",4.77148148148148
"340","spl",1997,"Q3","chla",3.57
"341","ss",1997,"Q3","chla",1.21944444444444
"342","dt",1998,"Q3","chla",4.261
"343","spl",1998,"Q3","chla",1.94666666666667
"344","ss",1998,"Q3","chla",4.48666666666667
"345","dt",1999,"Q3","chla",6.80464285714286
"346","spl",1999,"Q3","chla",1.5
"347","ss",1999,"Q3","chla",3.58117647058824
"348","dt",2000,"Q3","chla",7.05633333333333
"349","spl",2000,"Q3","chla",3.1725
"350","ss",2000,"Q3","chla",1.91894736842105
"351","dt",2001,"Q3","chla",12.0936666666667
"352","spl",2001,"Q3","chla",2.41
"353","ss",2001,"Q3","chla",2.12944444444444
"354","dt",2002,"Q3","chla",12.4813333333333
"355","spl",2002,"Q3","chla",2.50666666666667
"356","ss",2002,"Q3","chla",2.22277777777778
"357","dt",2003,"Q3","chla",7.55375
"358","spl",2003,"Q3","chla",3.73
"359","ss",2003,"Q3","chla",2.89761904761905
"360","dt",2004,"Q3","chla",8.30058823529412
"361","spl",2004,"Q3","chla",1.63166666666667
"362","ss",2004,"Q3","chla",1.83777777777778
"363","dt",2005,"Q3","chla",6.10944444444444
"364","spl",2005,"Q3","chla",2.69
"365","ss",2005,"Q3","chla",2.5545
"366","dt",2006,"Q3","chla",4.84212121212121
"367","spl",2006,"Q3","chla",5.09285714285714
"368","ss",2006,"Q3","chla",2.9747619047619
"369","dt",2007,"Q3","chla",8.8669696969697
"370","spl",2007,"Q3","chla",4.57666666666667
"371","ss",2007,"Q3","chla",1.90666666666667
"372","dt",2008,"Q3","chla",12.3606060606061
"373","spl",2008,"Q3","chla",4.12
"374","ss",2008,"Q3","chla",3.82217391304348
"375","dt",2009,"Q3","chla",14.5845454545455
"376","spl",2009,"Q3","chla",4.36833333333333
"377","ss",2009,"Q3","chla",2.24833333333333
"378","dt",2010,"Q3","chla",5.45333333333333
"379","spl",2010,"Q3","chla",2.84
"380","ss",2010,"Q3","chla",2.7995
"381","dt",2011,"Q3","chla",3.97393939393939
"382","spl",2011,"Q3","chla",3.27428571428571
"383","ss",2011,"Q3","chla",3.77045454545455
"384","dt",2012,"Q3","chla",9.91333333333333
"385","spl",2012,"Q3","chla",2.665
"386","ss",2012,"Q3","chla",2.83
"387","dt",2013,"Q3","chla",12.1184848484848
"388","spl",2013,"Q3","chla",4.015
"389","ss",2013,"Q3","chla",4.72388888888889
"390","dt",2014,"Q3","chla",4.2809375
"391","spl",2014,"Q3","chla",3.38166666666667
"392","ss",2014,"Q3","chla",2.52888888888889
"393","dt",2015,"Q3","chla",5.93575757575758
"394","spl",2015,"Q3","chla",3.12333333333333
"395","ss",2015,"Q3","chla",3.85111111111111
"396","dt",2016,"Q3","chla",10.4242424242424
"397","spl",2016,"Q3","chla",2.56833333333333
"398","ss",2016,"Q3","chla",3.26222222222222
"399","dt",2017,"Q3","chla",7.70128205128205
"400","spl",2017,"Q3","chla",3.38888888888889
"401","ss",2017,"Q3","chla",3.81727272727273
"402","dt",2018,"Q3","chla",7.61435897435897
"403","spl",2018,"Q3","chla",2.87666666666667
"404","ss",2018,"Q3","chla",2.51916666666667
"405","dt",2019,"Q3","chla",3.45675675675676
"406","spl",2019,"Q3","chla",2.09
"407","ss",2019,"Q3","chla",4.05173913043478
"408","dt",2020,"Q3","chla",4.98358974358974
"409","spl",2020,"Q3","chla",3.55625
"410","ss",2020,"Q3","chla",2.66909090909091
"411","dt",1975,"Q4","chla",8.60315789473684
"412","ss",1975,"Q4","chla",7.89909090909091
"413","dt",1976,"Q4","chla",9.67740740740741
"414","spl",1976,"Q4","chla",1.112
"415","ss",1976,"Q4","chla",4.1568
"416","dt",1977,"Q4","chla",21.3519090909091
"417","spl",1977,"Q4","chla",1.55
"418","ss",1977,"Q4","chla",3.42
"419","dt",1978,"Q4","chla",8.37352380952381
"420","spl",1978,"Q4","chla",3.085
"421","ss",1978,"Q4","chla",22.2516666666667
"422","dt",1979,"Q4","chla",8.71850574712644
"423","spl",1979,"Q4","chla",1.1
"424","ss",1979,"Q4","chla",15.877037037037
"425","dt",1980,"Q4","chla",10.250875
"426","spl",1980,"Q4","chla",3.9875
"427","ss",1980,"Q4","chla",17.9845833333333
"428","dt",1981,"Q4","chla",7.39428571428571
"429","spl",1981,"Q4","chla",1.64
"430","ss",1981,"Q4","chla",10.641
"431","dt",1982,"Q4","chla",10.3270103092784
"432","spl",1982,"Q4","chla",3.986
"433","ss",1982,"Q4","chla",15.4706896551724
"434","dt",1983,"Q4","chla",5.91875
"435","spl",1983,"Q4","chla",5.40333333333333
"436","ss",1983,"Q4","chla",3.60823529411765
"437","dt",1984,"Q4","chla",12.4980821917808
"438","spl",1984,"Q4","chla",5.79
"439","ss",1984,"Q4","chla",15.33
"440","dt",1985,"Q4","chla",7.28885057471264
"441","spl",1985,"Q4","chla",1.93
"442","ss",1985,"Q4","chla",4.3535
"443","dt",1986,"Q4","chla",3.822875
"444","spl",1986,"Q4","chla",5.405
"445","ss",1986,"Q4","chla",7.333
"446","dt",1987,"Q4","chla",7.50663265306122
"447","spl",1987,"Q4","chla",1.7775
"448","ss",1987,"Q4","chla",1.39772727272727
"449","dt",1988,"Q4","chla",6.45294736842105
"450","spl",1988,"Q4","chla",1.678
"451","ss",1988,"Q4","chla",1.09608695652174
"452","dt",1989,"Q4","chla",7.10091836734694
"453","spl",1989,"Q4","chla",3.766
"454","ss",1989,"Q4","chla",1.4092
"455","dt",1990,"Q4","chla",5.71392405063291
"456","spl",1990,"Q4","chla",5.5275
"457","ss",1990,"Q4","chla",1.7955
"458","dt",1991,"Q4","chla",18.5379
"459","spl",1991,"Q4","chla",3.336
"460","ss",1991,"Q4","chla",1.488
"461","dt",1992,"Q4","chla",7.3803
"462","spl",1992,"Q4","chla",2.6225
"463","ss",1992,"Q4","chla",1.2724
"464","dt",1993,"Q4","chla",3.15716666666667
"465","spl",1993,"Q4","chla",2.32
"466","ss",1993,"Q4","chla",0.729333333333333
"467","dt",1994,"Q4","chla",7.94101265822785
"468","spl",1994,"Q4","chla",2.4525
"469","ss",1994,"Q4","chla",0.974
"470","dt",1995,"Q4","chla",2.144
"471","spl",1995,"Q4","chla",2.88666666666667
"472","ss",1995,"Q4","chla",1.464
"473","dt",1996,"Q4","chla",2.41344827586207
"474","spl",1996,"Q4","chla",1.01333333333333
"475","ss",1996,"Q4","chla",1.20277777777778
"476","dt",1997,"Q4","chla",3.93766666666667
"477","spl",1997,"Q4","chla",1.95
"478","ss",1997,"Q4","chla",0.922777777777778
"479","dt",1998,"Q4","chla",4.22666666666667
"480","spl",1998,"Q4","chla",2.46333333333333
"481","ss",1998,"Q4","chla",3.36333333333333
"482","dt",1999,"Q4","chla",2.77068965517241
"483","spl",1999,"Q4","chla",2.40333333333333
"484","ss",1999,"Q4","chla",3.86222222222222
"485","dt",2000,"Q4","chla",6.32433333333333
"486","spl",2000,"Q4","chla",4.07666666666667
"487","ss",2000,"Q4","chla",2.60111111111111
"488","dt",2001,"Q4","chla",5.764
"489","spl",2001,"Q4","chla",2.46
"490","ss",2001,"Q4","chla",1.64444444444444
"491","dt",2002,"Q4","chla",6.56448275862069
"492","spl",2002,"Q4","chla",2.28333333333333
"493","ss",2002,"Q4","chla",1.92777777777778
"494","dt",2003,"Q4","chla",4.55363636363636
"495","spl",2003,"Q4","chla",2.46666666666667
"496","ss",2003,"Q4","chla",1.96055555555556
"497","dt",2004,"Q4","chla",3.93818181818182
"498","spl",2004,"Q4","chla",1.94166666666667
"499","ss",2004,"Q4","chla",1.24777777777778
"500","dt",2005,"Q4","chla",2.21181818181818
"501","spl",2005,"Q4","chla",3.53833333333333
"502","ss",2005,"Q4","chla",1.61444444444444
"503","dt",2006,"Q4","chla",2.70393939393939
"504","spl",2006,"Q4","chla",2.02666666666667
"505","ss",2006,"Q4","chla",1.60666666666667
"506","dt",2007,"Q4","chla",2.8725
"507","spl",2007,"Q4","chla",3.45666666666667
"508","ss",2007,"Q4","chla",1.15
"509","dt",2008,"Q4","chla",4.64727272727273
"510","spl",2008,"Q4","chla",5.11
"511","ss",2008,"Q4","chla",2.06818181818182
"512","dt",2009,"Q4","chla",2.60272727272727
"513","spl",2009,"Q4","chla",2.59333333333333
"514","ss",2009,"Q4","chla",1.21166666666667
"515","dt",2010,"Q4","chla",2.26757575757576
"516","spl",2010,"Q4","chla",2.36333333333333
"517","ss",2010,"Q4","chla",2.26055555555556
"518","dt",2011,"Q4","chla",4.0034375
"519","spl",2011,"Q4","chla",3.64
"520","ss",2011,"Q4","chla",1.935
"521","dt",2012,"Q4","chla",6.2271875
"522","spl",2012,"Q4","chla",2.43333333333333
"523","ss",2012,"Q4","chla",1.90222222222222
"524","dt",2013,"Q4","chla",3.89606060606061
"525","spl",2013,"Q4","chla",2.23666666666667
"526","ss",2013,"Q4","chla",1.565
"527","dt",2014,"Q4","chla",3.73969696969697
"528","spl",2014,"Q4","chla",2.14
"529","ss",2014,"Q4","chla",1.66555555555556
"530","dt",2015,"Q4","chla",2.42757575757576
"531","spl",2015,"Q4","chla",1.65666666666667
"532","ss",2015,"Q4","chla",1.85
"533","dt",2016,"Q4","chla",2.52108108108108
"534","spl",2016,"Q4","chla",1.62166666666667
"535","ss",2016,"Q4","chla",1.74611111111111
"536","dt",2017,"Q4","chla",2.67589743589744
"537","spl",2017,"Q4","chla",1.81333333333333
"538","ss",2017,"Q4","chla",1.85375
"539","dt",2018,"Q4","chla",2.96973684210526
"540","spl",2018,"Q4","chla",2.31375
"541","ss",2018,"Q4","chla",2.12590909090909
"542","dt",2019,"Q4","chla",2.15702702702703
"543","spl",2019,"Q4","chla",1.89333333333333
"544","ss",2019,"Q4","chla",1.90434782608696
"545","dt",2020,"Q4","chla",2.90666666666667
"546","spl",2020,"Q4","chla",2.69111111111111
"547","ss",2020,"Q4","chla",1.69619047619048
"548","dt",2016,"Q1","Microcystis",1
"549","spl",2016,"Q1","Microcystis",1
"550","ss",2016,"Q1","Microcystis",1
"551","dt",2017,"Q1","Microcystis",1
"552","spl",2017,"Q1","Microcystis",1
"553","ss",2017,"Q1","Microcystis",1
"554","dt",2018,"Q1","Microcystis",1
"555","spl",2018,"Q1","Microcystis",1
"556","ss",2018,"Q1","Microcystis",1
"557","dt",2019,"Q1","Microcystis",1
"558","spl",2019,"Q1","Microcystis",1
"559","ss",2019,"Q1","Microcystis",1
"560","dt",2020,"Q1","Microcystis",1
"561","spl",2020,"Q1","Microcystis",1
"562","ss",2020,"Q1","Microcystis",1
"563","dt",2021,"Q1","Microcystis",1.42857142857143
"564","dt",2016,"Q2","Microcystis",1
"565","spl",2016,"Q2","Microcystis",1
"566","ss",2016,"Q2","Microcystis",1
"567","dt",2017,"Q2","Microcystis",1
"568","spl",2017,"Q2","Microcystis",1
"569","ss",2017,"Q2","Microcystis",1
"570","dt",2018,"Q2","Microcystis",1
"571","spl",2018,"Q2","Microcystis",1
"572","ss",2018,"Q2","Microcystis",1
"573","dt",2019,"Q2","Microcystis",1
"574","spl",2019,"Q2","Microcystis",1
"575","ss",2019,"Q2","Microcystis",1
"576","dt",2020,"Q2","Microcystis",1
"577","spl",2020,"Q2","Microcystis",1
"578","ss",2020,"Q2","Microcystis",1
"579","dt",2015,"Q3","Microcystis",2
"580","spl",2015,"Q3","Microcystis",1
"581","ss",2015,"Q3","Microcystis",1
"582","dt",2016,"Q3","Microcystis",2.13636363636364
"583","spl",2016,"Q3","Microcystis",1
"584","ss",2016,"Q3","Microcystis",1.20833333333333
"585","dt",2017,"Q3","Microcystis",1.1025641025641
"586","spl",2017,"Q3","Microcystis",1
"587","ss",2017,"Q3","Microcystis",1
"588","dt",2018,"Q3","Microcystis",2.02564102564103
"589","spl",2018,"Q3","Microcystis",1
"590","ss",2018,"Q3","Microcystis",1.29166666666667
"591","dt",2019,"Q3","Microcystis",1.30769230769231
"592","spl",2019,"Q3","Microcystis",1
"593","ss",2019,"Q3","Microcystis",1.125
"594","dt",2020,"Q3","Microcystis",2.30769230769231
"595","spl",2020,"Q3","Microcystis",1.22222222222222
"596","ss",2020,"Q3","Microcystis",1.52173913043478
"597","dt",2015,"Q4","Microcystis",1.59090909090909
"598","spl",2015,"Q4","Microcystis",1
"599","ss",2015,"Q4","Microcystis",1.04166666666667
"600","dt",2016,"Q4","Microcystis",1.95945945945946
"601","spl",2016,"Q4","Microcystis",1
"602","ss",2016,"Q4","Microcystis",1.04166666666667
"603","dt",2017,"Q4","Microcystis",1.56410256410256
"604","spl",2017,"Q4","Microcystis",1
"605","ss",2017,"Q4","Microcystis",1.25
"606","dt",2018,"Q4","Microcystis",1.79487179487179
"607","spl",2018,"Q4","Microcystis",1
"608","ss",2018,"Q4","Microcystis",1.18181818181818
"609","dt",2019,"Q4","Microcystis",1.87179487179487
"610","spl",2019,"Q4","Microcystis",1
"611","ss",2019,"Q4","Microcystis",1.375
"612","dt",2020,"Q4","Microcystis",2.1025641025641
"613","spl",2020,"Q4","Microcystis",1
"614","ss",2020,"Q4","Microcystis",1.45833333333333
"615","dt",1975,"Q1","secchi",49.4054054054054
"616","ss",1975,"Q1","secchi",37.75
"617","dt",1976,"Q1","secchi",70.6666666666667
"618","ss",1976,"Q1","secchi",48.8125
"619","dt",1977,"Q1","secchi",59.8939393939394
"620","spl",1977,"Q1","secchi",71.3333333333333
"621","ss",1977,"Q1","secchi",62
"622","dt",1978,"Q1","secchi",30.546875
"623","spl",1978,"Q1","secchi",46
"624","ss",1978,"Q1","secchi",30.1875
"625","dt",1979,"Q1","secchi",37.9677419354839
"626","spl",1979,"Q1","secchi",36
"627","ss",1979,"Q1","secchi",24.75
"628","dt",1980,"Q1","secchi",38.96
"629","spl",1980,"Q1","secchi",80
"630","ss",1980,"Q1","secchi",37.2
"631","dt",1981,"Q1","secchi",48.3965517241379
"632","spl",1981,"Q1","secchi",126
"633","ss",1981,"Q1","secchi",33.7222222222222
"634","dt",1982,"Q1","secchi",39.6896551724138
"635","spl",1982,"Q1","secchi",58
"636","ss",1982,"Q1","secchi",32.8235294117647
"637","dt",1983,"Q1","secchi",32.7966101694915
"638","spl",1983,"Q1","secchi",56
"639","ss",1983,"Q1","secchi",26
"640","dt",1984,"Q1","secchi",53.0740740740741
"641","spl",1984,"Q1","secchi",60
"642","ss",1984,"Q1","secchi",34.6111111111111
"643","dt",1985,"Q1","secchi",68.2181818181818
"644","spl",1985,"Q1","secchi",77.3333333333333
"645","ss",1985,"Q1","secchi",45.2
"646","dt",1986,"Q1","secchi",67.7142857142857
"647","spl",1986,"Q1","secchi",100
"648","ss",1986,"Q1","secchi",59.3333333333333
"649","dt",1987,"Q1","secchi",69.54
"650","spl",1987,"Q1","secchi",98.6666666666667
"651","ss",1987,"Q1","secchi",50.1333333333333
"652","dt",1988,"Q1","secchi",63
"653","spl",1988,"Q1","secchi",76
"654","ss",1988,"Q1","secchi",47.4666666666667
"655","dt",1989,"Q1","secchi",77.16
"656","spl",1989,"Q1","secchi",77.3333333333333
"657","ss",1989,"Q1","secchi",37.8
"658","dt",1990,"Q1","secchi",76.7321428571429
"659","spl",1990,"Q1","secchi",92
"660","ss",1990,"Q1","secchi",50.6666666666667
"661","dt",1991,"Q1","secchi",96.9285714285714
"662","spl",1991,"Q1","secchi",60
"663","ss",1991,"Q1","secchi",55.4666666666667
"664","dt",1992,"Q1","secchi",83.4385964912281
"665","spl",1992,"Q1","secchi",86
"666","ss",1992,"Q1","secchi",55.2
"667","dt",1993,"Q1","secchi",53.9122807017544
"668","spl",1993,"Q1","secchi",74.6666666666667
"669","ss",1993,"Q1","secchi",30.9333333333333
"670","dt",1994,"Q1","secchi",97.280701754386
"671","spl",1994,"Q1","secchi",74.6666666666667
"672","ss",1994,"Q1","secchi",48.6666666666667
"673","dt",1995,"Q1","secchi",47.1538461538462
"674","spl",1995,"Q1","secchi",58.6666666666667
"675","ss",1995,"Q1","secchi",33.0666666666667
"676","dt",1996,"Q1","secchi",42.7777777777778
"677","spl",1996,"Q1","secchi",52.6666666666667
"678","ss",1996,"Q1","secchi",24.2352941176471
"679","dt",1997,"Q1","secchi",36.5384615384615
"680","spl",1997,"Q1","secchi",52
"681","ss",1997,"Q1","secchi",25
"682","dt",1998,"Q1","secchi",50.1481481481481
"683","spl",1998,"Q1","secchi",48.6666666666667
"684","ss",1998,"Q1","secchi",29.6666666666667
"685","dt",1999,"Q1","secchi",59.0952380952381
"686","spl",1999,"Q1","secchi",70
"687","ss",1999,"Q1","secchi",33.2
"688","dt",2000,"Q1","secchi",74.8076923076923
"689","spl",2000,"Q1","secchi",47.75
"690","ss",2000,"Q1","secchi",31.25
"691","dt",2001,"Q1","secchi",87.5925925925926
"692","spl",2001,"Q1","secchi",70
"693","ss",2001,"Q1","secchi",44.6470588235294
"694","dt",2002,"Q1","secchi",46
"695","spl",2002,"Q1","secchi",51.2
"696","ss",2002,"Q1","secchi",31.2727272727273
"697","dt",2003,"Q1","secchi",67.8461538461538
"698","spl",2003,"Q1","secchi",97.6666666666667
"699","ss",2003,"Q1","secchi",48.1818181818182
"700","dt",2004,"Q1","secchi",59.4285714285714
"701","spl",2004,"Q1","secchi",67.2
"702","ss",2004,"Q1","secchi",35.0476190476191
"703","dt",2005,"Q1","secchi",70.3333333333333
"704","spl",2005,"Q1","secchi",84.625
"705","ss",2005,"Q1","secchi",49.3333333333333
"706","dt",2006,"Q1","secchi",60.8275862068966
"707","spl",2006,"Q1","secchi",68
"708","ss",2006,"Q1","secchi",41.125
"709","dt",2007,"Q1","secchi",88.7
"710","spl",2007,"Q1","secchi",61.7777777777778
"711","ss",2007,"Q1","secchi",53.1666666666667
"712","dt",2008,"Q1","secchi",57.9666666666667
"713","spl",2008,"Q1","secchi",80.75
"714","ss",2008,"Q1","secchi",39.6521739130435
"715","dt",2009,"Q1","secchi",106.833333333333
"716","spl",2009,"Q1","secchi",92
"717","ss",2009,"Q1","secchi",59.0909090909091
"718","dt",2010,"Q1","secchi",94.3333333333333
"719","spl",2010,"Q1","secchi",64.75
"720","ss",2010,"Q1","secchi",44.8333333333333
"721","dt",2011,"Q1","secchi",92.5333333333333
"722","spl",2011,"Q1","secchi",57.5555555555556
"723","ss",2011,"Q1","secchi",51.0833333333333
"724","dt",2012,"Q1","secchi",121.333333333333
"725","spl",2012,"Q1","secchi",64
"726","ss",2012,"Q1","secchi",48.75
"727","dt",2013,"Q1","secchi",83.5333333333333
"728","spl",2013,"Q1","secchi",72
"729","ss",2013,"Q1","secchi",41
"730","dt",2014,"Q1","secchi",151.935483870968
"731","spl",2014,"Q1","secchi",86.25
"732","ss",2014,"Q1","secchi",59.9166666666667
"733","dt",2015,"Q1","secchi",57.5
"734","spl",2015,"Q1","secchi",72.2222222222222
"735","ss",2015,"Q1","secchi",38.7916666666667
"736","dt",2016,"Q1","secchi",87.5333333333333
"737","spl",2016,"Q1","secchi",86.6666666666667
"738","ss",2016,"Q1","secchi",50.1666666666667
"739","dt",2017,"Q1","secchi",67.8518518518518
"740","spl",2017,"Q1","secchi",36.8888888888889
"741","ss",2017,"Q1","secchi",33.6666666666667
"742","dt",2018,"Q1","secchi",136.933333333333
"743","spl",2018,"Q1","secchi",84.4444444444444
"744","ss",2018,"Q1","secchi",57.5
"745","dt",2019,"Q1","secchi",95.7333333333333
"746","spl",2019,"Q1","secchi",67.1111111111111
"747","ss",2019,"Q1","secchi",46.5
"748","dt",2020,"Q1","secchi",116
"749","spl",2020,"Q1","secchi",83.7777777777778
"750","ss",2020,"Q1","secchi",49.1666666666667
"751","dt",2021,"Q1","secchi",193
"752","dt",1975,"Q2","secchi",35.3619047619048
"753","ss",1975,"Q2","secchi",22.2333333333333
"754","dt",1976,"Q2","secchi",44.3410852713178
"755","spl",1976,"Q2","secchi",57.4
"756","ss",1976,"Q2","secchi",30.6666666666667
"757","dt",1977,"Q2","secchi",40.5736434108527
"758","spl",1977,"Q2","secchi",96.3333333333333
"759","ss",1977,"Q2","secchi",58.1
"760","dt",1978,"Q2","secchi",34.8969072164948
"761","spl",1978,"Q2","secchi",24.6
"762","ss",1978,"Q2","secchi",27.1034482758621
"763","dt",1979,"Q2","secchi",40.016
"764","spl",1979,"Q2","secchi",36.1666666666667
"765","ss",1979,"Q2","secchi",25.5277777777778
"766","dt",1980,"Q2","secchi",45.1818181818182
"767","spl",1980,"Q2","secchi",68
"768","ss",1980,"Q2","secchi",25.5882352941176
"769","dt",1981,"Q2","secchi",43.359649122807
"770","spl",1981,"Q2","secchi",126
"771","ss",1981,"Q2","secchi",33.3888888888889
"772","dt",1982,"Q2","secchi",50.2168674698795
"773","spl",1982,"Q2","secchi",48
"774","ss",1982,"Q2","secchi",28.8636363636364
"775","dt",1983,"Q2","secchi",42.5423728813559
"776","spl",1983,"Q2","secchi",38.6666666666667
"777","ss",1983,"Q2","secchi",30.5
"778","dt",1984,"Q2","secchi",62.962962962963
"779","spl",1984,"Q2","secchi",69.3333333333333
"780","ss",1984,"Q2","secchi",33.9411764705882
"781","dt",1985,"Q2","secchi",69.7692307692308
"782","spl",1985,"Q2","secchi",146.4
"783","ss",1985,"Q2","secchi",47.84
"784","dt",1986,"Q2","secchi",42.9830508474576
"785","spl",1986,"Q2","secchi",43.3333333333333
"786","ss",1986,"Q2","secchi",27.3333333333333
"787","dt",1987,"Q2","secchi",60.3978494623656
"788","spl",1987,"Q2","secchi",95.6
"789","ss",1987,"Q2","secchi",58.16
"790","dt",1988,"Q2","secchi",62.3211009174312
"791","spl",1988,"Q2","secchi",89
"792","ss",1988,"Q2","secchi",41.0333333333333
"793","dt",1989,"Q2","secchi",57.219512195122
"794","ss",1989,"Q2","secchi",34.9
"795","dt",1990,"Q2","secchi",67.7956989247312
"796","spl",1990,"Q2","secchi",98.4
"797","ss",1990,"Q2","secchi",43.64
"798","dt",1991,"Q2","secchi",50.2654867256637
"799","spl",1991,"Q2","secchi",61.6666666666667
"800","ss",1991,"Q2","secchi",35.3333333333333
"801","dt",1992,"Q2","secchi",54.5175438596491
"802","spl",1992,"Q2","secchi",109
"803","ss",1992,"Q2","secchi",39.3333333333333
"804","dt",1993,"Q2","secchi",63.0175438596491
"805","spl",1993,"Q2","secchi",91.3333333333333
"806","ss",1993,"Q2","secchi",41.7333333333333
"807","dt",1994,"Q2","secchi",73.7368421052632
"808","spl",1994,"Q2","secchi",102
"809","ss",1994,"Q2","secchi",34.5333333333333
"810","dt",1995,"Q2","secchi",48.0535714285714
"811","spl",1995,"Q2","secchi",48
"812","ss",1995,"Q2","secchi",34.0666666666667
"813","dt",1996,"Q2","secchi",65.2962962962963
"814","spl",1996,"Q2","secchi",60.6666666666667
"815","ss",1996,"Q2","secchi",30.2777777777778
"816","dt",1997,"Q2","secchi",57.4444444444444
"817","spl",1997,"Q2","secchi",123.333333333333
"818","ss",1997,"Q2","secchi",29.7222222222222
"819","dt",1998,"Q2","secchi",48.7083333333333
"820","spl",1998,"Q2","secchi",50
"821","ss",1998,"Q2","secchi",33.6
"822","dt",1999,"Q2","secchi",52.5555555555556
"823","spl",1999,"Q2","secchi",42.8
"824","ss",1999,"Q2","secchi",33.0952380952381
"825","dt",2000,"Q2","secchi",61.962962962963
"826","spl",2000,"Q2","secchi",50
"827","ss",2000,"Q2","secchi",28.5652173913043
"828","dt",2001,"Q2","secchi",49.5333333333333
"829","spl",2001,"Q2","secchi",91.2
"830","ss",2001,"Q2","secchi",40.625
"831","dt",2002,"Q2","secchi",62.962962962963
"832","spl",2002,"Q2","secchi",68.8
"833","ss",2002,"Q2","secchi",36.75
"834","dt",2003,"Q2","secchi",81.9259259259259
"835","spl",2003,"Q2","secchi",67
"836","ss",2003,"Q2","secchi",38.6666666666667
"837","dt",2004,"Q2","secchi",63.5
"838","spl",2004,"Q2","secchi",52.3333333333333
"839","ss",2004,"Q2","secchi",34.3478260869565
"840","dt",2005,"Q2","secchi",84.8666666666667
"841","spl",2005,"Q2","secchi",50.4444444444444
"842","ss",2005,"Q2","secchi",39.3333333333333
"843","dt",2006,"Q2","secchi",66.4333333333333
"844","spl",2006,"Q2","secchi",35.5555555555556
"845","ss",2006,"Q2","secchi",31.1666666666667
"846","dt",2007,"Q2","secchi",81.2413793103448
"847","spl",2007,"Q2","secchi",60
"848","ss",2007,"Q2","secchi",43.9166666666667
"849","dt",2008,"Q2","secchi",67.4666666666667
"850","spl",2008,"Q2","secchi",75.7777777777778
"851","ss",2008,"Q2","secchi",38.3333333333333
"852","dt",2009,"Q2","secchi",90.4
"853","spl",2009,"Q2","secchi",68.6666666666667
"854","ss",2009,"Q2","secchi",37.9166666666667
"855","dt",2010,"Q2","secchi",89.1333333333333
"856","spl",2010,"Q2","secchi",68.8888888888889
"857","ss",2010,"Q2","secchi",38.5
"858","dt",2011,"Q2","secchi",101.2
"859","spl",2011,"Q2","secchi",43.1111111111111
"860","ss",2011,"Q2","secchi",43.0833333333333
"861","dt",2012,"Q2","secchi",96.4
"862","spl",2012,"Q2","secchi",43.7777777777778
"863","ss",2012,"Q2","secchi",28.75
"864","dt",2013,"Q2","secchi",116.966666666667
"865","spl",2013,"Q2","secchi",61.2222222222222
"866","ss",2013,"Q2","secchi",38.5833333333333
"867","dt",2014,"Q2","secchi",111.233333333333
"868","spl",2014,"Q2","secchi",74.5
"869","ss",2014,"Q2","secchi",37.6666666666667
"870","dt",2015,"Q2","secchi",87.8666666666667
"871","spl",2015,"Q2","secchi",69.7777777777778
"872","ss",2015,"Q2","secchi",42.4166666666667
"873","dt",2016,"Q2","secchi",96.5333333333333
"874","spl",2016,"Q2","secchi",89.5555555555556
"875","ss",2016,"Q2","secchi",40.6666666666667
"876","dt",2017,"Q2","secchi",88.2142857142857
"877","spl",2017,"Q2","secchi",40
"878","ss",2017,"Q2","secchi",36.9166666666667
"879","dt",2018,"Q2","secchi",128.533333333333
"880","spl",2018,"Q2","secchi",79.5555555555556
"881","ss",2018,"Q2","secchi",43.8333333333333
"882","dt",2019,"Q2","secchi",95.2
"883","spl",2019,"Q2","secchi",54.6666666666667
"884","ss",2019,"Q2","secchi",34.8333333333333
"885","dt",2020,"Q2","secchi",181.6
"886","spl",2020,"Q2","secchi",65.3333333333333
"887","ss",2020,"Q2","secchi",46
"888","dt",1975,"Q3","secchi",39.9090909090909
"889","ss",1975,"Q3","secchi",35.8888888888889
"890","dt",1976,"Q3","secchi",41.6796875
"891","spl",1976,"Q3","secchi",95.1666666666667
"892","ss",1976,"Q3","secchi",49.9333333333333
"893","dt",1977,"Q3","secchi",42.8968253968254
"894","spl",1977,"Q3","secchi",124.666666666667
"895","ss",1977,"Q3","secchi",70.4666666666667
"896","dt",1978,"Q3","secchi",32.6829268292683
"897","spl",1978,"Q3","secchi",33.8333333333333
"898","ss",1978,"Q3","secchi",32.8055555555556
"899","dt",1979,"Q3","secchi",36.6875
"900","spl",1979,"Q3","secchi",44.25
"901","ss",1979,"Q3","secchi",33.0555555555556
"902","dt",1980,"Q3","secchi",44.0841121495327
"903","spl",1980,"Q3","secchi",73.8
"904","ss",1980,"Q3","secchi",23.2
"905","dt",1981,"Q3","secchi",43.0183486238532
"906","spl",1981,"Q3","secchi",228.2
"907","ss",1981,"Q3","secchi",39.4848484848485
"908","dt",1982,"Q3","secchi",42.0168067226891
"909","spl",1982,"Q3","secchi",100.666666666667
"910","ss",1982,"Q3","secchi",27.1666666666667
"911","dt",1983,"Q3","secchi",49.9827586206897
"912","spl",1983,"Q3","secchi",97.3333333333333
"913","ss",1983,"Q3","secchi",40.1111111111111
"914","dt",1984,"Q3","secchi",50.7865168539326
"915","spl",1984,"Q3","secchi",119.2
"916","ss",1984,"Q3","secchi",40.3793103448276
"917","dt",1985,"Q3","secchi",56.3893805309735
"918","spl",1985,"Q3","secchi",160
"919","ss",1985,"Q3","secchi",56.5333333333333
"920","dt",1986,"Q3","secchi",37.4732142857143
"921","spl",1986,"Q3","secchi",82
"922","ss",1986,"Q3","secchi",31
"923","dt",1987,"Q3","secchi",48.4181818181818
"924","spl",1987,"Q3","secchi",109.333333333333
"925","ss",1987,"Q3","secchi",43.9333333333333
"926","dt",1988,"Q3","secchi",45.8508771929825
"927","spl",1988,"Q3","secchi",71.4
"928","ss",1988,"Q3","secchi",36.8
"929","dt",1989,"Q3","secchi",49.8070175438597
"930","spl",1989,"Q3","secchi",79.2
"931","ss",1989,"Q3","secchi",36.2068965517241
"932","dt",1990,"Q3","secchi",56.5438596491228
"933","spl",1990,"Q3","secchi",83.2
"934","ss",1990,"Q3","secchi",34.1333333333333
"935","dt",1991,"Q3","secchi",54.14
"936","spl",1991,"Q3","secchi",96
"937","ss",1991,"Q3","secchi",35.2
"938","dt",1992,"Q3","secchi",59.7368421052632
"939","spl",1992,"Q3","secchi",89
"940","ss",1992,"Q3","secchi",46.5333333333333
"941","dt",1993,"Q3","secchi",57.3684210526316
"942","spl",1993,"Q3","secchi",84
"943","ss",1993,"Q3","secchi",42
"944","dt",1994,"Q3","secchi",63.3473684210526
"945","spl",1994,"Q3","secchi",53.5
"946","ss",1994,"Q3","secchi",34.72
"947","dt",1995,"Q3","secchi",58.6071428571429
"948","spl",1995,"Q3","secchi",78.3333333333333
"949","ss",1995,"Q3","secchi",38.9333333333333
"950","dt",1996,"Q3","secchi",70.3333333333333
"951","spl",1996,"Q3","secchi",62
"952","ss",1996,"Q3","secchi",32.6666666666667
"953","dt",1997,"Q3","secchi",59.6923076923077
"954","spl",1997,"Q3","secchi",82.6666666666667
"955","ss",1997,"Q3","secchi",40.8333333333333
"956","dt",1998,"Q3","secchi",48.3333333333333
"957","spl",1998,"Q3","secchi",46.6666666666667
"958","ss",1998,"Q3","secchi",26.6363636363636
"959","dt",1999,"Q3","secchi",49.9259259259259
"960","spl",1999,"Q3","secchi",49.6
"961","ss",1999,"Q3","secchi",27
"962","dt",2000,"Q3","secchi",59.9259259259259
"963","spl",2000,"Q3","secchi",86.6666666666667
"964","ss",2000,"Q3","secchi",28.7272727272727
"965","dt",2001,"Q3","secchi",56.2592592592593
"966","spl",2001,"Q3","secchi",89.8333333333333
"967","ss",2001,"Q3","secchi",50.25
"968","dt",2002,"Q3","secchi",62.5185185185185
"969","spl",2002,"Q3","secchi",86.5
"970","ss",2002,"Q3","secchi",41.9090909090909
"971","dt",2003,"Q3","secchi",70.2068965517241
"972","spl",2003,"Q3","secchi",88.6666666666667
"973","ss",2003,"Q3","secchi",39.3333333333333
"974","dt",2004,"Q3","secchi",67.4193548387097
"975","spl",2004,"Q3","secchi",54
"976","ss",2004,"Q3","secchi",42.9
"977","dt",2005,"Q3","secchi",80.8275862068966
"978","spl",2005,"Q3","secchi",70.6666666666667
"979","ss",2005,"Q3","secchi",48.5833333333333
"980","dt",2006,"Q3","secchi",64.7333333333333
"981","spl",2006,"Q3","secchi",44.4444444444444
"982","ss",2006,"Q3","secchi",33.25
"983","dt",2007,"Q3","secchi",77.4333333333333
"984","spl",2007,"Q3","secchi",61.1111111111111
"985","ss",2007,"Q3","secchi",52.75
"986","dt",2008,"Q3","secchi",70.6
"987","spl",2008,"Q3","secchi",84.8888888888889
"988","ss",2008,"Q3","secchi",61.1666666666667
"989","dt",2009,"Q3","secchi",93.3333333333333
"990","spl",2009,"Q3","secchi",74
"991","ss",2009,"Q3","secchi",56.3333333333333
"992","dt",2010,"Q3","secchi",92.9333333333333
"993","spl",2010,"Q3","secchi",56.4444444444444
"994","ss",2010,"Q3","secchi",43.8333333333333
"995","dt",2011,"Q3","secchi",108.4
"996","spl",2011,"Q3","secchi",66.2222222222222
"997","ss",2011,"Q3","secchi",42.8333333333333
"998","dt",2012,"Q3","secchi",109.066666666667
"999","spl",2012,"Q3","secchi",57.75
"1000","ss",2012,"Q3","secchi",47.6666666666667
"1001","dt",2013,"Q3","secchi",94.2
"1002","spl",2013,"Q3","secchi",64.6666666666667
"1003","ss",2013,"Q3","secchi",44.5833333333333
"1004","dt",2014,"Q3","secchi",114.2
"1005","spl",2014,"Q3","secchi",57
"1006","ss",2014,"Q3","secchi",50.1666666666667
"1007","dt",2015,"Q3","secchi",98.2666666666667
"1008","spl",2015,"Q3","secchi",47.3333333333333
"1009","ss",2015,"Q3","secchi",42.4761904761905
"1010","dt",2016,"Q3","secchi",100.266666666667
"1011","spl",2016,"Q3","secchi",63.1111111111111
"1012","ss",2016,"Q3","secchi",45.8333333333333
"1013","dt",2017,"Q3","secchi",103.333333333333
"1014","spl",2017,"Q3","secchi",46.2222222222222
"1015","ss",2017,"Q3","secchi",49.8181818181818
"1016","dt",2018,"Q3","secchi",128.133333333333
"1017","spl",2018,"Q3","secchi",67.5555555555556
"1018","ss",2018,"Q3","secchi",47.0833333333333
"1019","dt",2019,"Q3","secchi",113.6
"1020","spl",2019,"Q3","secchi",60
"1021","ss",2019,"Q3","secchi",52.3333333333333
"1022","dt",2020,"Q3","secchi",135.2
"1023","spl",2020,"Q3","secchi",83.5555555555556
"1024","ss",2020,"Q3","secchi",67.1666666666667
"1025","dt",1975,"Q4","secchi",57.0380952380952
"1026","ss",1975,"Q4","secchi",30.5714285714286
"1027","dt",1976,"Q4","secchi",54.25
"1028","spl",1976,"Q4","secchi",113.8
"1029","ss",1976,"Q4","secchi",65.6
"1030","dt",1977,"Q4","secchi",46.8425925925926
"1031","spl",1977,"Q4","secchi",84.8
"1032","ss",1977,"Q4","secchi",76.16
"1033","dt",1978,"Q4","secchi",46.3366336633663
"1034","spl",1978,"Q4","secchi",59.2
"1035","ss",1978,"Q4","secchi",31.9
"1036","dt",1979,"Q4","secchi",50.0707070707071
"1037","spl",1979,"Q4","secchi",92.75
"1038","ss",1979,"Q4","secchi",40.7407407407407
"1039","dt",1980,"Q4","secchi",50
"1040","spl",1980,"Q4","secchi",138.6
"1041","ss",1980,"Q4","secchi",31.4666666666667
"1042","dt",1981,"Q4","secchi",53.0520833333333
"1043","spl",1981,"Q4","secchi",136.8
"1044","ss",1981,"Q4","secchi",45.1785714285714
"1045","dt",1982,"Q4","secchi",57.4893617021277
"1046","spl",1982,"Q4","secchi",87.8
"1047","ss",1982,"Q4","secchi",31.1851851851852
"1048","dt",1983,"Q4","secchi",65.5178571428571
"1049","spl",1983,"Q4","secchi",122
"1050","ss",1983,"Q4","secchi",40.5882352941176
"1051","dt",1984,"Q4","secchi",60.578125
"1052","spl",1984,"Q4","secchi",124.666666666667
"1053","ss",1984,"Q4","secchi",38.5
"1054","dt",1985,"Q4","secchi",77.5
"1055","spl",1985,"Q4","secchi",113
"1056","ss",1985,"Q4","secchi",71.05
"1057","dt",1986,"Q4","secchi",46.2631578947368
"1058","spl",1986,"Q4","secchi",105
"1059","ss",1986,"Q4","secchi",39.4
"1060","dt",1987,"Q4","secchi",67.6442307692308
"1061","spl",1987,"Q4","secchi",85.2
"1062","ss",1987,"Q4","secchi",56.8571428571429
"1063","dt",1988,"Q4","secchi",69.2421052631579
"1064","spl",1988,"Q4","secchi",80
"1065","ss",1988,"Q4","secchi",40.32
"1066","dt",1989,"Q4","secchi",68.3157894736842
"1067","spl",1989,"Q4","secchi",120
"1068","ss",1989,"Q4","secchi",51.92
"1069","dt",1990,"Q4","secchi",79.8684210526316
"1070","spl",1990,"Q4","secchi",123.5
"1071","ss",1990,"Q4","secchi",61
"1072","dt",1991,"Q4","secchi",66.8817204301075
"1073","spl",1991,"Q4","secchi",130.8
"1074","ss",1991,"Q4","secchi",54.48
"1075","dt",1992,"Q4","secchi",76.5894736842105
"1076","spl",1992,"Q4","secchi",130.4
"1077","ss",1992,"Q4","secchi",65.44
"1078","dt",1993,"Q4","secchi",76.8421052631579
"1079","spl",1993,"Q4","secchi",122.666666666667
"1080","ss",1993,"Q4","secchi",58.8
"1081","dt",1994,"Q4","secchi",95.6842105263158
"1082","spl",1994,"Q4","secchi",115
"1083","ss",1994,"Q4","secchi",56.6
"1084","dt",1995,"Q4","secchi",82.2
"1085","spl",1995,"Q4","secchi",142
"1086","ss",1995,"Q4","secchi",42.5333333333333
"1087","dt",1996,"Q4","secchi",83.1538461538462
"1088","spl",1996,"Q4","secchi",72
"1089","ss",1996,"Q4","secchi",43.4444444444444
"1090","dt",1997,"Q4","secchi",83.4230769230769
"1091","spl",1997,"Q4","secchi",98
"1092","ss",1997,"Q4","secchi",58
"1093","dt",1998,"Q4","secchi",61.6153846153846
"1094","spl",1998,"Q4","secchi",103.333333333333
"1095","ss",1998,"Q4","secchi",26.6666666666667
"1096","dt",1999,"Q4","secchi",74.68
"1097","spl",1999,"Q4","secchi",112.666666666667
"1098","ss",1999,"Q4","secchi",41.6666666666667
"1099","dt",2000,"Q4","secchi",65.6923076923077
"1100","spl",2000,"Q4","secchi",114
"1101","ss",2000,"Q4","secchi",44.7142857142857
"1102","dt",2001,"Q4","secchi",73.6296296296296
"1103","spl",2001,"Q4","secchi",87.3333333333333
"1104","ss",2001,"Q4","secchi",53.25
"1105","dt",2002,"Q4","secchi",81.6153846153846
"1106","spl",2002,"Q4","secchi",98.5
"1107","ss",2002,"Q4","secchi",46.4
"1108","dt",2003,"Q4","secchi",104.172413793103
"1109","spl",2003,"Q4","secchi",98
"1110","ss",2003,"Q4","secchi",59.2727272727273
"1111","dt",2004,"Q4","secchi",95.6333333333333
"1112","spl",2004,"Q4","secchi",103.333333333333
"1113","ss",2004,"Q4","secchi",59.5833333333333
"1114","dt",2005,"Q4","secchi",99.6428571428571
"1115","spl",2005,"Q4","secchi",82.6666666666667
"1116","ss",2005,"Q4","secchi",57.6666666666667
"1117","dt",2006,"Q4","secchi",85.1333333333333
"1118","spl",2006,"Q4","secchi",49.5555555555556
"1119","ss",2006,"Q4","secchi",44.5416666666667
"1120","dt",2007,"Q4","secchi",117.7
"1121","spl",2007,"Q4","secchi",80
"1122","ss",2007,"Q4","secchi",71.5833333333333
"1123","dt",2008,"Q4","secchi",105.8
"1124","spl",2008,"Q4","secchi",78.6666666666667
"1125","ss",2008,"Q4","secchi",78.8333333333333
"1126","dt",2009,"Q4","secchi",124.75
"1127","spl",2009,"Q4","secchi",70.6666666666667
"1128","ss",2009,"Q4","secchi",64.1818181818182
"1129","dt",2010,"Q4","secchi",139.733333333333
"1130","spl",2010,"Q4","secchi",96.8888888888889
"1131","ss",2010,"Q4","secchi",70.5833333333333
"1132","dt",2011,"Q4","secchi",151.724137931034
"1133","spl",2011,"Q4","secchi",94.6666666666667
"1134","ss",2011,"Q4","secchi",56.9166666666667
"1135","dt",2012,"Q4","secchi",165.066666666667
"1136","spl",2012,"Q4","secchi",87.6666666666667
"1137","ss",2012,"Q4","secchi",68.5
"1138","dt",2013,"Q4","secchi",129.333333333333
"1139","spl",2013,"Q4","secchi",73.5555555555556
"1140","ss",2013,"Q4","secchi",61.1666666666667
"1141","dt",2014,"Q4","secchi",152.8
"1142","spl",2014,"Q4","secchi",76.625
"1143","ss",2014,"Q4","secchi",67.3333333333333
"1144","dt",2015,"Q4","secchi",124.266666666667
"1145","spl",2015,"Q4","secchi",109.777777777778
"1146","ss",2015,"Q4","secchi",75.0833333333333
"1147","dt",2016,"Q4","secchi",148.214285714286
"1148","spl",2016,"Q4","secchi",94.6666666666667
"1149","ss",2016,"Q4","secchi",66.1666666666667
"1150","dt",2017,"Q4","secchi",144.8
"1151","spl",2017,"Q4","secchi",73.3333333333333
"1152","ss",2017,"Q4","secchi",52.3333333333333
"1153","dt",2018,"Q4","secchi",149.033333333333
"1154","spl",2018,"Q4","secchi",106
"1155","ss",2018,"Q4","secchi",76.7727272727273
"1156","dt",2019,"Q4","secchi",153.6
"1157","spl",2019,"Q4","secchi",121.333333333333
"1158","ss",2019,"Q4","secchi",58.3333333333333
"1159","dt",2020,"Q4","secchi",176.133333333333
"1160","spl",2020,"Q4","secchi",84.2222222222222
"1161","ss",2020,"Q4","secchi",68.0833333333333
"1162","dt",1975,"Q1","temp",8.18421052631579
"1163","ss",1975,"Q1","temp",8.5
"1164","dt",1976,"Q1","temp",9.98412698412698
"1165","ss",1976,"Q1","temp",10.5
"1166","dt",1977,"Q1","temp",10.0757575757576
"1167","spl",1977,"Q1","temp",11
"1168","ss",1977,"Q1","temp",10.2
"1169","dt",1978,"Q1","temp",11.390625
"1170","spl",1978,"Q1","temp",11.6666666666667
"1171","ss",1978,"Q1","temp",11.8125
"1172","dt",1979,"Q1","temp",9.6984126984127
"1173","spl",1979,"Q1","temp",10.3333333333333
"1174","ss",1979,"Q1","temp",10.0625
"1175","dt",1980,"Q1","temp",10.5263157894737
"1176","spl",1980,"Q1","temp",11.5
"1177","ss",1980,"Q1","temp",11.3
"1178","dt",1981,"Q1","temp",10.327868852459
"1179","spl",1981,"Q1","temp",10.5
"1180","ss",1981,"Q1","temp",10.2777777777778
"1181","dt",1982,"Q1","temp",10.1904761904762
"1182","spl",1982,"Q1","temp",12
"1183","ss",1982,"Q1","temp",10.7647058823529
"1184","dt",1983,"Q1","temp",10.0793650793651
"1185","spl",1983,"Q1","temp",11
"1186","ss",1983,"Q1","temp",10.5333333333333
"1187","dt",1984,"Q1","temp",10.4385964912281
"1188","spl",1984,"Q1","temp",10.6666666666667
"1189","ss",1984,"Q1","temp",10.2222222222222
"1190","dt",1985,"Q1","temp",9.51724137931035
"1191","spl",1985,"Q1","temp",11
"1192","ss",1985,"Q1","temp",9.26666666666667
"1193","dt",1986,"Q1","temp",10.6333333333333
"1194","spl",1986,"Q1","temp",11.3333333333333
"1195","ss",1986,"Q1","temp",10.6
"1196","dt",1987,"Q1","temp",10.3636363636364
"1197","spl",1987,"Q1","temp",11.6666666666667
"1198","ss",1987,"Q1","temp",11.0666666666667
"1199","dt",1988,"Q1","temp",11.2833333333333
"1200","spl",1988,"Q1","temp",12
"1201","ss",1988,"Q1","temp",11.7333333333333
"1202","dt",1989,"Q1","temp",9.25423728813559
"1203","spl",1989,"Q1","temp",11
"1204","ss",1989,"Q1","temp",10.3333333333333
"1205","dt",1990,"Q1","temp",10.4333333333333
"1206","spl",1990,"Q1","temp",11
"1207","ss",1990,"Q1","temp",11.1333333333333
"1208","dt",1991,"Q1","temp",10.3166666666667
"1209","spl",1991,"Q1","temp",13
"1210","ss",1991,"Q1","temp",10.4
"1211","dt",1992,"Q1","temp",10.6333333333333
"1212","spl",1992,"Q1","temp",11.6666666666667
"1213","ss",1992,"Q1","temp",11.0666666666667
"1214","dt",1993,"Q1","temp",10.9166666666667
"1215","spl",1993,"Q1","temp",11.6666666666667
"1216","ss",1993,"Q1","temp",11.0666666666667
"1217","dt",1994,"Q1","temp",9.63333333333333
"1218","spl",1994,"Q1","temp",11.6666666666667
"1219","ss",1994,"Q1","temp",10.3333333333333
"1220","dt",1995,"Q1","temp",10.7
"1221","spl",1995,"Q1","temp",11.3333333333333
"1222","ss",1995,"Q1","temp",10.8666666666667
"1223","dt",1996,"Q1","temp",12.225
"1224","spl",1996,"Q1","temp",13
"1225","ss",1996,"Q1","temp",12.0588235294118
"1226","dt",1997,"Q1","temp",11.6275862068966
"1227","spl",1997,"Q1","temp",10.9666666666667
"1228","ss",1997,"Q1","temp",11.6294117647059
"1229","dt",1998,"Q1","temp",10.54
"1230","spl",1998,"Q1","temp",12.3
"1231","ss",1998,"Q1","temp",10.9
"1232","dt",1999,"Q1","temp",8.79416666666667
"1233","spl",1999,"Q1","temp",9.105
"1234","ss",1999,"Q1","temp",9.31809523809524
"1235","dt",2000,"Q1","temp",10.4503333333333
"1236","spl",2000,"Q1","temp",11.5266666666667
"1237","ss",2000,"Q1","temp",10.9516666666667
"1238","dt",2001,"Q1","temp",9.884
"1239","spl",2001,"Q1","temp",11.05
"1240","ss",2001,"Q1","temp",10.0685714285714
"1241","dt",2002,"Q1","temp",10.683
"1242","spl",2002,"Q1","temp",11.1
"1243","ss",2002,"Q1","temp",10.8958333333333
"1244","dt",2003,"Q1","temp",11.13
"1245","spl",2003,"Q1","temp",12.1833333333333
"1246","ss",2003,"Q1","temp",11.4
"1247","dt",2004,"Q1","temp",10.8042424242424
"1248","spl",2004,"Q1","temp",11.6516666666667
"1249","ss",2004,"Q1","temp",11.0325
"1250","dt",2005,"Q1","temp",10.762
"1251","spl",2005,"Q1","temp",11.2944444444444
"1252","ss",2005,"Q1","temp",10.55875
"1253","dt",2006,"Q1","temp",10.5942424242424
"1254","spl",2006,"Q1","temp",11.2444444444444
"1255","ss",2006,"Q1","temp",10.7670833333333
"1256","dt",2007,"Q1","temp",9.84242424242424
"1257","spl",2007,"Q1","temp",11.0555555555556
"1258","ss",2007,"Q1","temp",10.4458333333333
"1259","dt",2008,"Q1","temp",9.75151515151515
"1260","spl",2008,"Q1","temp",10.7666666666667
"1261","ss",2008,"Q1","temp",10.075
"1262","dt",2009,"Q1","temp",10.8606060606061
"1263","spl",2009,"Q1","temp",11.5222222222222
"1264","ss",2009,"Q1","temp",10.995652173913
"1265","dt",2010,"Q1","temp",10.0651515151515
"1266","spl",2010,"Q1","temp",10.7875
"1267","ss",2010,"Q1","temp",10.1916666666667
"1268","dt",2011,"Q1","temp",10.3681818181818
"1269","spl",2011,"Q1","temp",11.3444444444444
"1270","ss",2011,"Q1","temp",10.9625
"1271","dt",2012,"Q1","temp",9.96818181818182
"1272","spl",2012,"Q1","temp",10.7
"1273","ss",2012,"Q1","temp",10.14875
"1274","dt",2013,"Q1","temp",10.8530303030303
"1275","spl",2013,"Q1","temp",12.1222222222222
"1276","ss",2013,"Q1","temp",11.1833333333333
"1277","dt",2014,"Q1","temp",9.60727272727273
"1278","spl",2014,"Q1","temp",11.0777777777778
"1279","ss",2014,"Q1","temp",10.4995833333333
"1280","dt",2015,"Q1","temp",12.2242424242424
"1281","spl",2015,"Q1","temp",13.9033333333333
"1282","ss",2015,"Q1","temp",13.1191666666667
"1283","dt",2016,"Q1","temp",10.1163636363636
"1284","spl",2016,"Q1","temp",11.8111111111111
"1285","ss",2016,"Q1","temp",10.8591666666667
"1286","dt",2017,"Q1","temp",9.97717948717949
"1287","spl",2017,"Q1","temp",11.3844444444444
"1288","ss",2017,"Q1","temp",10.92125
"1289","dt",2018,"Q1","temp",10.9671794871795
"1290","spl",2018,"Q1","temp",11.89
"1291","ss",2018,"Q1","temp",11.5820833333333
"1292","dt",2019,"Q1","temp",10.1738461538462
"1293","spl",2019,"Q1","temp",11.3388888888889
"1294","ss",2019,"Q1","temp",10.6320833333333
"1295","dt",2020,"Q1","temp",10.3412820512821
"1296","spl",2020,"Q1","temp",11.8711111111111
"1297","ss",2020,"Q1","temp",11.3866666666667
"1298","dt",2021,"Q1","temp",10.9528571428571
"1299","dt",1975,"Q2","temp",14.0666666666667
"1300","ss",1975,"Q2","temp",14.0666666666667
"1301","dt",1976,"Q2","temp",16.1603053435114
"1302","spl",1976,"Q2","temp",15.4
"1303","ss",1976,"Q2","temp",15.6666666666667
"1304","dt",1977,"Q2","temp",15.8
"1305","spl",1977,"Q2","temp",14.6666666666667
"1306","ss",1977,"Q2","temp",15.4
"1307","dt",1978,"Q2","temp",16.6060606060606
"1308","spl",1978,"Q2","temp",16.4
"1309","ss",1978,"Q2","temp",16.448275862069
"1310","dt",1979,"Q2","temp",16.048
"1311","spl",1979,"Q2","temp",15.1666666666667
"1312","ss",1979,"Q2","temp",15.5277777777778
"1313","dt",1980,"Q2","temp",15.6446280991736
"1314","spl",1980,"Q2","temp",14.8333333333333
"1315","ss",1980,"Q2","temp",15.4411764705882
"1316","dt",1981,"Q2","temp",17.7272727272727
"1317","spl",1981,"Q2","temp",16.5
"1318","ss",1981,"Q2","temp",16.75
"1319","dt",1982,"Q2","temp",14.6551724137931
"1320","spl",1982,"Q2","temp",12.75
"1321","ss",1982,"Q2","temp",13.3478260869565
"1322","dt",1983,"Q2","temp",13.741935483871
"1323","spl",1983,"Q2","temp",13.3333333333333
"1324","ss",1983,"Q2","temp",12.625
"1325","dt",1984,"Q2","temp",15.8421052631579
"1326","spl",1984,"Q2","temp",15
"1327","ss",1984,"Q2","temp",15.4705882352941
"1328","dt",1985,"Q2","temp",16.5140186915888
"1329","spl",1985,"Q2","temp",14.8
"1330","ss",1985,"Q2","temp",16.32
"1331","dt",1986,"Q2","temp",16.3174603174603
"1332","spl",1986,"Q2","temp",14.3333333333333
"1333","ss",1986,"Q2","temp",15.6666666666667
"1334","dt",1987,"Q2","temp",18.3877551020408
"1335","spl",1987,"Q2","temp",16
"1336","ss",1987,"Q2","temp",17.6
"1337","dt",1988,"Q2","temp",17.0924369747899
"1338","spl",1988,"Q2","temp",16.75
"1339","ss",1988,"Q2","temp",17.3103448275862
"1340","dt",1989,"Q2","temp",17.6666666666667
"1341","ss",1989,"Q2","temp",16.7
"1342","dt",1990,"Q2","temp",18.0707070707071
"1343","spl",1990,"Q2","temp",16
"1344","ss",1990,"Q2","temp",17.2
"1345","dt",1991,"Q2","temp",15.2916666666667
"1346","spl",1991,"Q2","temp",13.8333333333333
"1347","ss",1991,"Q2","temp",14.7666666666667
"1348","dt",1992,"Q2","temp",18.5333333333333
"1349","spl",1992,"Q2","temp",16.5
"1350","ss",1992,"Q2","temp",17.7
"1351","dt",1993,"Q2","temp",17.0833333333333
"1352","spl",1993,"Q2","temp",16
"1353","ss",1993,"Q2","temp",16.9333333333333
"1354","dt",1994,"Q2","temp",16.6833333333333
"1355","spl",1994,"Q2","temp",16
"1356","ss",1994,"Q2","temp",16.4666666666667
"1357","dt",1995,"Q2","temp",14.3666666666667
"1358","spl",1995,"Q2","temp",14.6666666666667
"1359","ss",1995,"Q2","temp",14.2666666666667
"1360","dt",1996,"Q2","temp",16.5366666666667
"1361","spl",1996,"Q2","temp",15.3333333333333
"1362","ss",1996,"Q2","temp",16.7055555555556
"1363","dt",1997,"Q2","temp",17.0933333333333
"1364","spl",1997,"Q2","temp",16.3333333333333
"1365","ss",1997,"Q2","temp",17.25
"1366","dt",1998,"Q2","temp",14.6864285714286
"1367","spl",1998,"Q2","temp",15.2866666666667
"1368","ss",1998,"Q2","temp",15.08
"1369","dt",1999,"Q2","temp",13.0673333333333
"1370","spl",1999,"Q2","temp",13.98
"1371","ss",1999,"Q2","temp",12.9081818181818
"1372","dt",2000,"Q2","temp",16.0693333333333
"1373","spl",2000,"Q2","temp",14.7833333333333
"1374","ss",2000,"Q2","temp",15.895652173913
"1375","dt",2001,"Q2","temp",16.7646666666667
"1376","spl",2001,"Q2","temp",15.016
"1377","ss",2001,"Q2","temp",16.1945833333333
"1378","dt",2002,"Q2","temp",15.758
"1379","spl",2002,"Q2","temp",14.4666666666667
"1380","ss",2002,"Q2","temp",15.31625
"1381","dt",2003,"Q2","temp",16.3366666666667
"1382","spl",2003,"Q2","temp",15.05
"1383","ss",2003,"Q2","temp",15.525
"1384","dt",2004,"Q2","temp",18.1441176470588
"1385","spl",2004,"Q2","temp",16.55
"1386","ss",2004,"Q2","temp",17.5217391304348
"1387","dt",2005,"Q2","temp",16.4216666666667
"1388","spl",2005,"Q2","temp",15.81
"1389","ss",2005,"Q2","temp",16.9108333333333
"1390","dt",2006,"Q2","temp",15.530303030303
"1391","spl",2006,"Q2","temp",14.8444444444444
"1392","ss",2006,"Q2","temp",15.3816666666667
"1393","dt",2007,"Q2","temp",16.3848484848485
"1394","spl",2007,"Q2","temp",15.4333333333333
"1395","ss",2007,"Q2","temp",16.3625
"1396","dt",2008,"Q2","temp",16.0181818181818
"1397","spl",2008,"Q2","temp",14.9666666666667
"1398","ss",2008,"Q2","temp",15.7666666666667
"1399","dt",2009,"Q2","temp",16.6424242424242
"1400","spl",2009,"Q2","temp",16.0111111111111
"1401","ss",2009,"Q2","temp",16.8833333333333
"1402","dt",2010,"Q2","temp",14.8121212121212
"1403","spl",2010,"Q2","temp",14.4888888888889
"1404","ss",2010,"Q2","temp",14.8
"1405","dt",2011,"Q2","temp",14.9666666666667
"1406","spl",2011,"Q2","temp",14.4
"1407","ss",2011,"Q2","temp",15.03875
"1408","dt",2012,"Q2","temp",15.9039393939394
"1409","spl",2012,"Q2","temp",14.8666666666667
"1410","ss",2012,"Q2","temp",15.6291666666667
"1411","dt",2013,"Q2","temp",17.7721212121212
"1412","spl",2013,"Q2","temp",16.3777777777778
"1413","ss",2013,"Q2","temp",17.5375
"1414","dt",2014,"Q2","temp",17.1045454545455
"1415","spl",2014,"Q2","temp",16.6777777777778
"1416","ss",2014,"Q2","temp",17.2625
"1417","dt",2015,"Q2","temp",17.6018181818182
"1418","spl",2015,"Q2","temp",16.4333333333333
"1419","ss",2015,"Q2","temp",17.3029166666667
"1420","dt",2016,"Q2","temp",17.6163636363636
"1421","spl",2016,"Q2","temp",17.3522222222222
"1422","ss",2016,"Q2","temp",17.8570833333333
"1423","dt",2017,"Q2","temp",14.48675
"1424","spl",2017,"Q2","temp",14.5255555555556
"1425","ss",2017,"Q2","temp",15.645
"1426","dt",2018,"Q2","temp",15.6235897435897
"1427","spl",2018,"Q2","temp",14.8622222222222
"1428","ss",2018,"Q2","temp",15.5729166666667
"1429","dt",2019,"Q2","temp",14.5789743589744
"1430","spl",2019,"Q2","temp",15.15
"1431","ss",2019,"Q2","temp",15.22625
"1432","dt",2020,"Q2","temp",13.2184615384615
"1433","spl",2020,"Q2","temp",13.3533333333333
"1434","ss",2020,"Q2","temp",13.78625
"1435","dt",1975,"Q3","temp",21.4365079365079
"1436","ss",1975,"Q3","temp",19.6666666666667
"1437","dt",1976,"Q3","temp",22.3125
"1438","spl",1976,"Q3","temp",20.1666666666667
"1439","ss",1976,"Q3","temp",20.8666666666667
"1440","dt",1977,"Q3","temp",23.4330708661417
"1441","spl",1977,"Q3","temp",19.6666666666667
"1442","ss",1977,"Q3","temp",20.6333333333333
"1443","dt",1978,"Q3","temp",23.0245901639344
"1444","spl",1978,"Q3","temp",19.8333333333333
"1445","ss",1978,"Q3","temp",20.5277777777778
"1446","dt",1979,"Q3","temp",23.0089285714286
"1447","spl",1979,"Q3","temp",20.25
"1448","ss",1979,"Q3","temp",21.3888888888889
"1449","dt",1980,"Q3","temp",21.8761061946903
"1450","spl",1980,"Q3","temp",18.2
"1451","ss",1980,"Q3","temp",20.3
"1452","dt",1981,"Q3","temp",23.3893805309735
"1453","spl",1981,"Q3","temp",19
"1454","ss",1981,"Q3","temp",21.1875
"1455","dt",1982,"Q3","temp",21.9920634920635
"1456","spl",1982,"Q3","temp",18.8333333333333
"1457","ss",1982,"Q3","temp",20.4722222222222
"1458","dt",1983,"Q3","temp",22.0327868852459
"1459","spl",1983,"Q3","temp",20
"1460","ss",1983,"Q3","temp",21.7222222222222
"1461","dt",1984,"Q3","temp",23.6702127659574
"1462","spl",1984,"Q3","temp",19.2
"1463","ss",1984,"Q3","temp",21.8666666666667
"1464","dt",1985,"Q3","temp",23
"1465","spl",1985,"Q3","temp",20
"1466","ss",1985,"Q3","temp",20.9666666666667
"1467","dt",1986,"Q3","temp",22.4830508474576
"1468","spl",1986,"Q3","temp",19
"1469","ss",1986,"Q3","temp",20.08
"1470","dt",1987,"Q3","temp",22.3275862068966
"1471","spl",1987,"Q3","temp",20
"1472","ss",1987,"Q3","temp",20.8
"1473","dt",1988,"Q3","temp",22.45
"1474","spl",1988,"Q3","temp",18.6
"1475","ss",1988,"Q3","temp",20.6
"1476","dt",1989,"Q3","temp",22.4166666666667
"1477","spl",1989,"Q3","temp",19.2
"1478","ss",1989,"Q3","temp",20.3666666666667
"1479","dt",1990,"Q3","temp",23.2083333333333
"1480","spl",1990,"Q3","temp",19.6
"1481","ss",1990,"Q3","temp",20.9333333333333
"1482","dt",1991,"Q3","temp",22.2641509433962
"1483","spl",1991,"Q3","temp",18.5
"1484","ss",1991,"Q3","temp",20.16
"1485","dt",1992,"Q3","temp",23.5
"1486","spl",1992,"Q3","temp",20.3333333333333
"1487","ss",1992,"Q3","temp",21.4666666666667
"1488","dt",1993,"Q3","temp",22.2625
"1489","spl",1993,"Q3","temp",19.75
"1490","ss",1993,"Q3","temp",20.75
"1491","dt",1994,"Q3","temp",23.06
"1492","spl",1994,"Q3","temp",18.75
"1493","ss",1994,"Q3","temp",20.72
"1494","dt",1995,"Q3","temp",21.2372881355932
"1495","spl",1995,"Q3","temp",19.6666666666667
"1496","ss",1995,"Q3","temp",21.0666666666667
"1497","dt",1996,"Q3","temp",23.2666666666667
"1498","spl",1996,"Q3","temp",19.6666666666667
"1499","ss",1996,"Q3","temp",21.9444444444444
"1500","dt",1997,"Q3","temp",23.0586206896552
"1501","spl",1997,"Q3","temp",20.1666666666667
"1502","ss",1997,"Q3","temp",21.7722222222222
"1503","dt",1998,"Q3","temp",22.604
"1504","spl",1998,"Q3","temp",19.4
"1505","ss",1998,"Q3","temp",21.6366666666667
"1506","dt",1999,"Q3","temp",21.5413333333333
"1507","spl",1999,"Q3","temp",18.99
"1508","ss",1999,"Q3","temp",19.9063636363636
"1509","dt",2000,"Q3","temp",22.4173333333333
"1510","spl",2000,"Q3","temp",19.6
"1511","ss",2000,"Q3","temp",20.345
"1512","dt",2001,"Q3","temp",22.8506666666667
"1513","spl",2001,"Q3","temp",19.4816666666667
"1514","ss",2001,"Q3","temp",20.6154166666667
"1515","dt",2002,"Q3","temp",23.3866666666667
"1516","spl",2002,"Q3","temp",19.3166666666667
"1517","ss",2002,"Q3","temp",20.9608695652174
"1518","dt",2003,"Q3","temp",23.009375
"1519","spl",2003,"Q3","temp",19.6
"1520","ss",2003,"Q3","temp",21.475
"1521","dt",2004,"Q3","temp",22.5152941176471
"1522","spl",2004,"Q3","temp",19.6
"1523","ss",2004,"Q3","temp",20.6259090909091
"1524","dt",2005,"Q3","temp",22.3444444444444
"1525","spl",2005,"Q3","temp",19.3033333333333
"1526","ss",2005,"Q3","temp",21.2783333333333
"1527","dt",2006,"Q3","temp",23.0121212121212
"1528","spl",2006,"Q3","temp",20.3
"1529","ss",2006,"Q3","temp",22.1708333333333
"1530","dt",2007,"Q3","temp",21.7151515151515
"1531","spl",2007,"Q3","temp",20.3888888888889
"1532","ss",2007,"Q3","temp",21.5083333333333
"1533","dt",2008,"Q3","temp",22.5757575757576
"1534","spl",2008,"Q3","temp",19.7777777777778
"1535","ss",2008,"Q3","temp",21.5125
"1536","dt",2009,"Q3","temp",22.4636363636364
"1537","spl",2009,"Q3","temp",20.2222222222222
"1538","ss",2009,"Q3","temp",21.2625
"1539","dt",2010,"Q3","temp",21.4151515151515
"1540","spl",2010,"Q3","temp",18.9
"1541","ss",2010,"Q3","temp",20.1683333333333
"1542","dt",2011,"Q3","temp",20.7515151515152
"1543","spl",2011,"Q3","temp",18.3222222222222
"1544","ss",2011,"Q3","temp",20.0916666666667
"1545","dt",2012,"Q3","temp",22.2321212121212
"1546","spl",2012,"Q3","temp",19.3166666666667
"1547","ss",2012,"Q3","temp",21.3416666666667
"1548","dt",2013,"Q3","temp",22.6063636363636
"1549","spl",2013,"Q3","temp",19.8222222222222
"1550","ss",2013,"Q3","temp",20.8041666666667
"1551","dt",2014,"Q3","temp",23.249696969697
"1552","spl",2014,"Q3","temp",19.8
"1553","ss",2014,"Q3","temp",21.2083333333333
"1554","dt",2015,"Q3","temp",23.4409090909091
"1555","spl",2015,"Q3","temp",20.7
"1556","ss",2015,"Q3","temp",21.6213636363636
"1557","dt",2016,"Q3","temp",22.4930303030303
"1558","spl",2016,"Q3","temp",19.0788888888889
"1559","ss",2016,"Q3","temp",20.5891666666667
"1560","dt",2017,"Q3","temp",21.854358974359
"1561","spl",2017,"Q3","temp",19.3055555555556
"1562","ss",2017,"Q3","temp",21.5040909090909
"1563","dt",2018,"Q3","temp",22.8333333333333
"1564","spl",2018,"Q3","temp",19.5777777777778
"1565","ss",2018,"Q3","temp",20.9
"1566","dt",2019,"Q3","temp",22.3458974358974
"1567","spl",2019,"Q3","temp",20.2022222222222
"1568","ss",2019,"Q3","temp",22.1645833333333
"1569","dt",2020,"Q3","temp",23.2482051282051
"1570","spl",2020,"Q3","temp",20.7633333333333
"1571","ss",2020,"Q3","temp",21.7366666666667
"1572","dt",1975,"Q4","temp",17.4952380952381
"1573","ss",1975,"Q4","temp",17.6333333333333
"1574","dt",1976,"Q4","temp",19.3240740740741
"1575","spl",1976,"Q4","temp",17.6
"1576","ss",1976,"Q4","temp",18.375
"1577","dt",1977,"Q4","temp",19.9454545454545
"1578","spl",1977,"Q4","temp",18.8
"1579","ss",1977,"Q4","temp",19
"1580","dt",1978,"Q4","temp",18.8529411764706
"1581","spl",1978,"Q4","temp",18.6
"1582","ss",1978,"Q4","temp",18.9
"1583","dt",1979,"Q4","temp",19.2121212121212
"1584","spl",1979,"Q4","temp",18.25
"1585","ss",1979,"Q4","temp",18.7037037037037
"1586","dt",1980,"Q4","temp",18.1844660194175
"1587","spl",1980,"Q4","temp",16.2
"1588","ss",1980,"Q4","temp",17
"1589","dt",1981,"Q4","temp",19.72
"1590","spl",1981,"Q4","temp",17.4
"1591","ss",1981,"Q4","temp",18.1666666666667
"1592","dt",1982,"Q4","temp",17.9306930693069
"1593","spl",1982,"Q4","temp",16.8
"1594","ss",1982,"Q4","temp",17.551724137931
"1595","dt",1983,"Q4","temp",18.271186440678
"1596","spl",1983,"Q4","temp",18
"1597","ss",1983,"Q4","temp",18.3888888888889
"1598","dt",1984,"Q4","temp",19.027397260274
"1599","spl",1984,"Q4","temp",18.5
"1600","ss",1984,"Q4","temp",20
"1601","dt",1985,"Q4","temp",17.8202247191011
"1602","spl",1985,"Q4","temp",17
"1603","ss",1985,"Q4","temp",16.6
"1604","dt",1986,"Q4","temp",17.725
"1605","spl",1986,"Q4","temp",16.5
"1606","ss",1986,"Q4","temp",17.1
"1607","dt",1987,"Q4","temp",19.6186440677966
"1608","spl",1987,"Q4","temp",18.6
"1609","ss",1987,"Q4","temp",18.6071428571429
"1610","dt",1988,"Q4","temp",20.13
"1611","spl",1988,"Q4","temp",17.4
"1612","ss",1988,"Q4","temp",18.64
"1613","dt",1989,"Q4","temp",19.33
"1614","spl",1989,"Q4","temp",18
"1615","ss",1989,"Q4","temp",18.48
"1616","dt",1990,"Q4","temp",19.2625
"1617","spl",1990,"Q4","temp",17.5
"1618","ss",1990,"Q4","temp",18.6
"1619","dt",1991,"Q4","temp",21.14
"1620","spl",1991,"Q4","temp",17.8
"1621","ss",1991,"Q4","temp",19.36
"1622","dt",1992,"Q4","temp",20.65
"1623","spl",1992,"Q4","temp",19
"1624","ss",1992,"Q4","temp",19.8
"1625","dt",1993,"Q4","temp",19.5
"1626","spl",1993,"Q4","temp",18.6666666666667
"1627","ss",1993,"Q4","temp",18.9333333333333
"1628","dt",1994,"Q4","temp",17.975
"1629","spl",1994,"Q4","temp",17
"1630","ss",1994,"Q4","temp",17.15
"1631","dt",1995,"Q4","temp",18.4
"1632","spl",1995,"Q4","temp",17.6666666666667
"1633","ss",1995,"Q4","temp",18.3333333333333
"1634","dt",1996,"Q4","temp",17.36
"1635","spl",1996,"Q4","temp",16
"1636","ss",1996,"Q4","temp",17.1666666666667
"1637","dt",1997,"Q4","temp",19.7833333333333
"1638","spl",1997,"Q4","temp",18.4666666666667
"1639","ss",1997,"Q4","temp",19.35
"1640","dt",1998,"Q4","temp",17.2344827586207
"1641","spl",1998,"Q4","temp",16.056
"1642","ss",1998,"Q4","temp",17.5985714285714
"1643","dt",1999,"Q4","temp",18.6526666666667
"1644","spl",1999,"Q4","temp",16.7166666666667
"1645","ss",1999,"Q4","temp",17.5818181818182
"1646","dt",2000,"Q4","temp",18.626
"1647","spl",2000,"Q4","temp",20.3666666666667
"1648","ss",2000,"Q4","temp",17.8180952380952
"1649","dt",2001,"Q4","temp",19.489
"1650","spl",2001,"Q4","temp",17.3166666666667
"1651","ss",2001,"Q4","temp",18.2220833333333
"1652","dt",2002,"Q4","temp",18.9762068965517
"1653","spl",2002,"Q4","temp",17.682
"1654","ss",2002,"Q4","temp",17.8204166666667
"1655","dt",2003,"Q4","temp",18.6169696969697
"1656","spl",2003,"Q4","temp",18.28
"1657","ss",2003,"Q4","temp",18.6040909090909
"1658","dt",2004,"Q4","temp",17.7169696969697
"1659","spl",2004,"Q4","temp",16.7033333333333
"1660","ss",2004,"Q4","temp",17.2241666666667
"1661","dt",2005,"Q4","temp",17.5578787878788
"1662","spl",2005,"Q4","temp",16.5022222222222
"1663","ss",2005,"Q4","temp",16.9270833333333
"1664","dt",2006,"Q4","temp",18.569696969697
"1665","spl",2006,"Q4","temp",16.6666666666667
"1666","ss",2006,"Q4","temp",17.4875
"1667","dt",2007,"Q4","temp",18.2878787878788
"1668","spl",2007,"Q4","temp",16.9666666666667
"1669","ss",2007,"Q4","temp",17.3625
"1670","dt",2008,"Q4","temp",19.9666666666667
"1671","spl",2008,"Q4","temp",18.2444444444444
"1672","ss",2008,"Q4","temp",19.0791666666667
"1673","dt",2009,"Q4","temp",19.0878787878788
"1674","spl",2009,"Q4","temp",17.3111111111111
"1675","ss",2009,"Q4","temp",17.8541666666667
"1676","dt",2010,"Q4","temp",19.0484848484848
"1677","spl",2010,"Q4","temp",17.3222222222222
"1678","ss",2010,"Q4","temp",18.2083333333333
"1679","dt",2011,"Q4","temp",18.1521875
"1680","spl",2011,"Q4","temp",16.9888888888889
"1681","ss",2011,"Q4","temp",17.8908333333333
"1682","dt",2012,"Q4","temp",20.1242424242424
"1683","spl",2012,"Q4","temp",17.5444444444444
"1684","ss",2012,"Q4","temp",18.3645833333333
"1685","dt",2013,"Q4","temp",17.8851515151515
"1686","spl",2013,"Q4","temp",16.8444444444444
"1687","ss",2013,"Q4","temp",17.5666666666667
"1688","dt",2014,"Q4","temp",20.4633333333333
"1689","spl",2014,"Q4","temp",19.3888888888889
"1690","ss",2014,"Q4","temp",19.8
"1691","dt",2015,"Q4","temp",20.4784848484848
"1692","spl",2015,"Q4","temp",18.9388888888889
"1693","ss",2015,"Q4","temp",19.5308333333333
"1694","dt",2016,"Q4","temp",18.5032432432432
"1695","spl",2016,"Q4","temp",17.51
"1696","ss",2016,"Q4","temp",17.9525
"1697","dt",2017,"Q4","temp",18.4774358974359
"1698","spl",2017,"Q4","temp",17.0122222222222
"1699","ss",2017,"Q4","temp",17.9083333333333
"1700","dt",2018,"Q4","temp",17.5151282051282
"1701","spl",2018,"Q4","temp",16.90875
"1702","ss",2018,"Q4","temp",17.1340909090909
"1703","dt",2019,"Q4","temp",18.575641025641
"1704","spl",2019,"Q4","temp",17.6166666666667
"1705","ss",2019,"Q4","temp",18.3295833333333
"1706","dt",2020,"Q4","temp",20.0928205128205
"1707","spl",2020,"Q4","temp",17.5977777777778
"1708","ss",2020,"Q4","temp",18.2654166666667
